time,CO2_ppm,CO2_2_ppm,O2_percent,temperature_C,OD_Trx_V,OD_Sct_V,OD_Ref_V
2.1457672119140625e-06,nan,nan,14.52,31.875,0.7441785714285715,0.6460803571428572,0.5278571428571428
5.000104188919067,nan,nan,14.75,31.812,0.7416696428571429,0.6553571428571429,0.5179553571428571
10.000210046768188,nan,nan,14.91,31.75,0.7244285714285714,0.6396160714285715,0.5406964285714285
15.000304937362671,nan,nan,15.08,31.687,0.7361339285714286,0.6332410714285714,0.5304107142857142
20.000391960144043,nan,nan,15.37,31.687,0.7228035714285713,0.6156339285714286,0.5404375
25.000489473342896,nan,nan,15.77,31.75,0.7254230769230768,0.6403365384615385,0.5273846153846155
30.000576496124268,nan,nan,16.3,31.875,0.7356160714285714,0.6391607142857143,0.5586160714285715
35.000659465789795,nan,nan,16.74,32.062,0.7226875,0.6416071428571428,0.5357053571428572
40.000762701034546,nan,nan,17.08,32.25,0.7270178571428573,0.6393660714285715,0.5327142857142857
