time,temperature_C,OD_135_V,OD_Ref_V,OD_90_V,Eyespy_eyespy1_raw,Eyespy_eyespy1_V,Eyespy_eyespy2_raw,Eyespy_eyespy2_V
8.106231689453125e-06,22.312,0.1743125,0.189890625,0.194796875,32767,4.096,18953,4.083233985412153
5.000158071517944,22.312,0.15366666666666667,0.16945833333333335,0.17183333333333334,31790,4.096,18249,4.096
10.000299453735352,22.312,0.15625,0.16854166666666667,0.17351388888888888,31126,4.096,17561,4.096
15.000429153442383,22.375,0.153234375,0.18717187500000002,0.173421875,21,0.0015469222083193458,14,0.001078157902768029
20.000590562820435,22.375,0.15578125,0.16346875,0.21665625,10,0.0018438062685018465,6,0.0013437910092471085
25.000715970993042,22.562,0.1563055555555556,0.9536388888888889,0.4766527777777778,9,0.0011250343333231605,5,0.0006666870123396507
30.000849723815918,22.562,0.15926562500000002,1.05209375,0.51078125,9,0.0011250343333231605,5,0.0006406445509201331
35.0009982585907,22.937,0.1637638888888889,0.9727777777777779,0.5079583333333333,9,0.0011250343333231605,5,0.0006389083868254986
