time,temperature_C,Eyespy_eyespy_sct_raw,Eyespy_eyespy_sct_V,Eyespy_eyespy_ref_raw,Eyespy_eyespy_ref_V
1.9073486328125e-06,22.562,603,2.357520475227049,308,1.718964223330862
2.5266289710998535,22.562,503,2.4610236338927796,246,1.7163832622132382
5.064913034439087,22.625,598,2.492399591411014,292,1.7207878083940265
8.319368362426758,22.562,582,2.459913305890611,286,1.7179936054746616
